{
    "name": "root",
    "gauges": {
        "HeroBehavior.Policy.Entropy.mean": {
            "value": 0.23284615576267242,
            "min": 0.17079608142375946,
            "max": 0.43418338894844055,
            "count": 20
        },
        "HeroBehavior.Environment.EpisodeLength.mean": {
            "value": 62.2753164556962,
            "min": 57.95280235988201,
            "max": 145.72932330827066,
            "count": 20
        },
        "HeroBehavior.Policy.ExtrinsicValueEstimate.mean": {
            "value": 348.78887939453125,
            "min": 232.64271545410156,
            "max": 348.78887939453125,
            "count": 20
        },
        "HeroBehavior.Policy.GailValueEstimate.mean": {
            "value": 18.2404842376709,
            "min": 14.056225776672363,
            "max": 18.793848037719727,
            "count": 20
        },
        "HeroBehavior.Environment.CumulativeReward.mean": {
            "value": 6674.29493496086,
            "min": 6262.208601720406,
            "max": 6709.269684914982,
            "count": 20
        },
        "HeroBehavior.Policy.ExtrinsicReward.mean": {
            "value": 6674.29493496086,
            "min": 6262.208601720406,
            "max": 6709.269684914982,
            "count": 20
        },
        "HeroBehavior.Policy.GailReward.mean": {
            "value": 0.5611920877348019,
            "min": 0.4869174755671445,
            "max": 12.19516517628323,
            "count": 20
        },
        "HeroBehavior.Losses.PolicyLoss.mean": {
            "value": 0.10031912273047029,
            "min": 0.0945628045754318,
            "max": 0.10203564725247379,
            "count": 20
        },
        "HeroBehavior.Losses.ValueLoss.mean": {
            "value": 6702561.788120568,
            "min": 2975916.082460733,
            "max": 7783362.011768007,
            "count": 20
        },
        "HeroBehavior.Policy.LearningRate.mean": {
            "value": 2.2271892576066664e-05,
            "min": 2.2271892576066664e-05,
            "max": 9.745146751619996e-05,
            "count": 20
        },
        "HeroBehavior.Policy.Epsilon.mean": {
            "value": 0.10742393333333333,
            "min": 0.10742393333333333,
            "max": 0.1324838,
            "count": 20
        },
        "HeroBehavior.Policy.Beta.mean": {
            "value": 8.349693999999999e-05,
            "min": 8.349693999999999e-05,
            "max": 0.00033158961999999993,
            "count": 20
        },
        "HeroBehavior.Policy.GAILPolicyEstimate.mean": {
            "value": 0.08316913539715481,
            "min": 0.07782671115969941,
            "max": 0.13699113671224156,
            "count": 20
        },
        "HeroBehavior.Policy.GAILExpertEstimate.mean": {
            "value": 0.9210443091942063,
            "min": 0.8669505345051617,
            "max": 0.9210443091942063,
            "count": 20
        },
        "HeroBehavior.Losses.GAILLoss.mean": {
            "value": 0.18544049500256565,
            "min": 0.17977275291709882,
            "max": 0.32226688421313465,
            "count": 20
        },
        "HeroBehavior.Policy.GAILGradMagLoss.mean": {
            "value": 0.06583668417561508,
            "min": 0.05751516672256573,
            "max": 0.18948599219608264,
            "count": 20
        },
        "HeroBehavior.Losses.PretrainingLoss.mean": {
            "value": 0.28182871888081235,
            "min": 0.28182871888081235,
            "max": 0.30296652602652707,
            "count": 20
        },
        "HeroBehavior.IsTraining.mean": {
            "value": 1.0,
            "min": 1.0,
            "max": 1.0,
            "count": 20
        }
    },
    "metadata": {
        "timer_format_version": "0.1.0",
        "start_time_seconds": "1617741403",
        "python_version": "3.7.6 (default, Jan  8 2020, 13:42:34) \n[Clang 4.0.1 (tags/RELEASE_401/final)]",
        "command_line_arguments": "/Users/adityaamk/opt/anaconda3/bin/mlagents-learn config/config.yaml --run-id=heroImitation3Enems --resume",
        "mlagents_version": "0.23.0",
        "mlagents_envs_version": "0.23.0",
        "communication_protocol_version": "1.3.0",
        "pytorch_version": "1.7.0",
        "numpy_version": "1.18.1",
        "end_time_seconds": "1617742064"
    },
    "total": 661.140557041,
    "count": 1,
    "self": 0.00610425899992606,
    "children": {
        "run_training.setup": {
            "total": 0.020182454000000405,
            "count": 1,
            "self": 0.020182454000000405
        },
        "TrainerController.start_learning": {
            "total": 661.1142703280001,
            "count": 1,
            "self": 1.2980981409980359,
            "children": {
                "TrainerController._reset_env": {
                    "total": 6.227605156,
                    "count": 1,
                    "self": 5.2505854969999985,
                    "children": {
                        "demo_to_buffer": {
                            "total": 0.9770196590000015,
                            "count": 2,
                            "self": 0.003011235000000667,
                            "children": {
                                "load_demonstration": {
                                    "total": 0.026740966999998506,
                                    "count": 2,
                                    "self": 0.013789935999998448,
                                    "children": {
                                        "read_file": {
                                            "total": 0.012951031000000057,
                                            "count": 2,
                                            "self": 0.012951031000000057
                                        }
                                    }
                                },
                                "make_demo_buffer": {
                                    "total": 0.9472674570000024,
                                    "count": 2,
                                    "self": 0.24789409399987328,
                                    "children": {
                                        "steps_from_proto": {
                                            "total": 0.6993733630001291,
                                            "count": 5192,
                                            "self": 0.4697705130001051,
                                            "children": {
                                                "_process_vector_observation": {
                                                    "total": 0.229602850000024,
                                                    "count": 10384,
                                                    "self": 0.229602850000024
                                                }
                                            }
                                        }
                                    }
                                }
                            }
                        }
                    }
                },
                "TrainerController.advance": {
                    "total": 653.363702394002,
                    "count": 51066,
                    "self": 0.7172008339900913,
                    "children": {
                        "env_step": {
                            "total": 652.6465015600119,
                            "count": 51066,
                            "self": 519.5352483540138,
                            "children": {
                                "SubprocessEnvManager._take_step": {
                                    "total": 132.44890993700807,
                                    "count": 51066,
                                    "self": 3.0557339740058183,
                                    "children": {
                                        "TorchPolicy.evaluate": {
                                            "total": 129.39317596300225,