{
    "name": "root",
    "metadata": {
        "timer_format_version": "0.1.0",
        "start_time_seconds": "1617545582",
        "python_version": "3.7.6 (default, Jan  8 2020, 13:42:34) \n[Clang 4.0.1 (tags/RELEASE_401/final)]",
        "command_line_arguments": "/Users/adityaamk/opt/anaconda3/bin/mlagents-learn config/config.yaml --run-id=heroImitation --force",
        "mlagents_version": "0.23.0",
        "mlagents_envs_version": "0.23.0",
        "communication_protocol_version": "1.3.0",
        "pytorch_version": "1.7.0",
        "numpy_version": "1.18.1",
        "end_time_seconds": "1617545598"
    },
    "total": 16.306478642000002,
    "count": 1,
    "self": 0.010242287000000516,
    "children": {
        "run_training.setup": {
            "total": 0.018796716999999852,
            "count": 1,
            "self": 0.018796716999999852
        },
        "TrainerController.start_learning": {
            "total": 16.277439638,
            "count": 1,
            "self": 8.282000000292555e-05,
            "children": {
                "TrainerController._reset_env": {
                    "total": 16.265296312,
                    "count": 1,
                    "self": 15.899111772000001,
                    "children": {
                        "demo_to_buffer": {
                            "total": 0.366184539999999,
                            "count": 1,
                            "self": 3.9735999997958515e-05,
                            "children": {
                                "load_demonstration": {
                                    "total": 0.029016942999998463,
                                    "count": 1,
                                    "self": 0.015190775000000656,
                                    "children": {
                                        "read_file": {
                                            "total": 0.013826167999997807,
                                            "count": 3,
                                            "self": 0.013826167999997807
                                        }
                                    }
                                },
                                "make_demo_buffer": {
                                    "total": 0.3371278610000026,
                                    "count": 1,
                                    "self": 0.08198686000000421,
                                    "children": {
                                        "steps_from_proto": {
                                            "total": 0.25514100099999837,
                                            "count": 1724,
                                            "self": 0.1666981689999183,
                                            "children": {
                                                "_process_vector_observation": {
                                                    "total": 0.08844283200008007,
                                                    "count": 3447,
                                                    "self": 0.08844283200008007
                                                }
                                            }
                                        }
                                    }
                                }
                            }
                        }
                    }
                },
                "TrainerController._save_models": {
                    "total": 0.012060505999997417,
                    "count": 1,
                    "self": 0.00037576899999436364,
                    "children": {
                        "RLTrainer._checkpoint": {
                            "total": 0.011684737000003054,
                            "count": 1,
                            "self": 0.011684737000003054
                        }
                    }
                }
            }
        }
    }
}