{
    "name": "root",
    "gauges": {
        "HeroBehavior.Policy.Entropy.mean": {
            "value": 0.4070841670036316,
            "min": 0.31013962626457214,
            "max": 0.46388906240463257,
            "count": 7
        },
        "HeroBehavior.Environment.EpisodeLength.mean": {
            "value": 55.358108108108105,
            "min": 55.358108108108105,
            "max": 68.41104294478528,
            "count": 7
        },
        "HeroBehavior.Policy.ExtrinsicValueEstimate.mean": {
            "value": 236.96832275390625,
            "min": 164.0312957763672,
            "max": 236.96832275390625,
            "count": 7
        },
        "HeroBehavior.Policy.GailValueEstimate.mean": {
            "value": 7.841853618621826,
            "min": 5.823365211486816,
            "max": 7.841853618621826,
            "count": 7
        },
        "HeroBehavior.Environment.CumulativeReward.mean": {
            "value": 6720.757616747607,
            "min": 6655.458366887019,
            "max": 6720.757616747607,
            "count": 7
        },
        "HeroBehavior.Policy.ExtrinsicReward.mean": {
            "value": 6720.757616747607,
            "min": 6655.458366887019,
            "max": 6720.757616747607,
            "count": 7
        },
        "HeroBehavior.Policy.GailReward.mean": {
            "value": 0.0,
            "min": 0.0,
            "max": 0.0,
            "count": 7
        },
        "HeroBehavior.Losses.PolicyLoss.mean": {
            "value": 0.1009621081728677,
            "min": 0.0988836383324068,
            "max": 0.10149282217698356,
            "count": 7
        },
        "HeroBehavior.Losses.ValueLoss.mean": {
            "value": 8233732.444868349,
            "min": 6828876.412234043,
            "max": 8343480.037486489,
            "count": 7
        },
        "HeroBehavior.Policy.LearningRate.mean": {
            "value": 3.5569638143483346e-05,
            "min": 3.5569638143483346e-05,
            "max": 9.211146929619999e-05,
            "count": 7
        },
        "HeroBehavior.Policy.Epsilon.mean": {
            "value": 0.11185651666666666,
            "min": 0.11185651666666666,
            "max": 0.1307038,
            "count": 7
        },
        "HeroBehavior.Policy.Beta.mean": {
            "value": 0.00012737951500000006,
            "min": 0.00012737951500000006,
            "max": 0.0003139676200000002,
            "count": 7
        },
        "HeroBehavior.Policy.GAILPolicyEstimate.mean": {
            "value": 0.08176758009482266,
            "min": 0.08176758009482266,
            "max": 0.09577120121251395,
            "count": 7
        },
        "HeroBehavior.Policy.GAILExpertEstimate.mean": {
            "value": 0.9141822742606884,
            "min": 0.8895069999052277,
            "max": 0.9141822742606884,
            "count": 7
        },
        "HeroBehavior.Losses.GAILLoss.mean": {
            "value": 0.19591460907879826,
            "min": 0.19591460907879826,
            "max": 0.2525140090402982,
            "count": 7
        },
        "HeroBehavior.Policy.GAILGradMagLoss.mean": {
            "value": 0.05899739102068595,
            "min": 0.05899739102068595,
            "max": 0.08018045165041025,
            "count": 7
        },
        "HeroBehavior.Losses.PretrainingLoss.mean": {
            "value": 0.0,
            "min": 0.0,
            "max": 0.0,
            "count": 7
        },
        "HeroBehavior.IsTraining.mean": {
            "value": 1.0,
            "min": 1.0,
            "max": 1.0,
            "count": 7
        }
    },
    "metadata": {
        "timer_format_version": "0.1.0",
        "start_time_seconds": "1617903614",
        "python_version": "3.7.6 (default, Jan  8 2020, 13:42:34) \n[Clang 4.0.1 (tags/RELEASE_401/final)]",
        "command_line_arguments": "/Users/adityaamk/opt/anaconda3/bin/mlagents-learn config/config.yaml --run-id=heroImitation3EnemsTry2 --resume",
        "mlagents_version": "0.23.0",
        "mlagents_envs_version": "0.23.0",
        "communication_protocol_version": "1.3.0",
        "pytorch_version": "1.7.0",
        "numpy_version": "1.18.1",
        "end_time_seconds": "1617904154"
    },
    "total": 539.619794834,
    "count": 1,
    "self": 0.005558449999966797,
    "children": {
        "run_training.setup": {
            "total": 0.021073780000000042,
            "count": 1,
            "self": 0.021073780000000042
        },
        "TrainerController.start_learning": {
            "total": 539.593162604,
            "count": 1,
            "self": 1.0415568780002786,
            "children": {
                "TrainerController._reset_env": {
                    "total": 27.97899516,
                    "count": 1,
                    "self": 24.030127199,
                    "children": {
                        "demo_to_buffer": {
                            "total": 3.9488679610000013,
                            "count": 2,
                            "self": 0.012870448000011692,
                            "children": {
                                "load_demonstration": {
                                    "total": 0.04751033999999521,
                                    "count": 2,
                                    "self": 0.03996467799999337,
                                    "children": {
                                        "read_file": {
                                            "total": 0.00754566200000184,
                                            "count": 2,
                                            "self": 0.00754566200000184
                                        }
                                    }
                                },
                                "make_demo_buffer": {
                                    "total": 3.8884871729999944,
                                    "count": 2,
                                    "self": 0.9889396559999106,
                                    "children": {
                                        "steps_from_proto": {
                                            "total": 2.8995475170000837,
                                            "count": 21420,
                                            "self": 1.9477987370002303,
                                            "children": {
                                                "_process_vector_observation": {
                                                    "total": 0.9517487799998534,
                                                    "count": 42840,
                                                    "self": 0.9517487799998534
                                                }
                                            }
                                        }
                                    }
                                }
                            }
                        }
                    }
                },
                "TrainerController.advance": {
                    "total": 510.41275272699977,
                    "count": 41475,
                    "self": 0.5645158449964924,
                    "children": {
                        "env_step": {
                            "total": 509.8482368820033,
                            "count": 41475,
                            "self": 404.58978236400617,
                            "children": {
                                "SubprocessEnvManager._take_step": {
                                    "total": 104.70743195499702,
                                    "count": 41475,
                                    "self": 2.3849928410004537,
                                    "children": {
                                        "TorchPolicy.evaluate": {
                                            "total": 102.32243911399657,
                                            "count": 36341,
                                            "self": 16.721434996995796,